year,state,deaths,population,pdmp_implemented,poverty_population,naloxone_access,unemployment_rate,median_household_income
2010,ALABAMA,194,4779736.0,1,888400.0,0,10.4,55440
2011,ALABAMA,180,4802740.0,1,895200.0,0,9.6,55940
2012,ALABAMA,175,4822023.0,1,879200.0,0,8.2,56010
2013,ALABAMA,175,4833722.0,1,891200.0,0,7.4,60250
2014,ALABAMA,282,4849377.0,1,916800.0,0,6.8,53070
2015,ALABAMA,292,4858979.0,1,893600.0,1,6.1,55920
2016,ALABAMA,351,4863300.0,1,817600.0,1,5.8,58800
2017,ALABAMA,434,4874747.0,1,796000.0,0,4.5,62250
2018,ALABAMA,392,4887871.0,1,797800.0,0,3.9,59900
2019,ALABAMA,427,4903185.0,1,736300.0,0,3.2,66430
2020,ALABAMA,629,4921532.0,1,783300.0,0,6.4,63980
2010,ALASKA,71,710231.0,0,75800.0,0,8.0,78340
2011,ALASKA,72,722718.0,1,71900.0,0,7.6,75440
2012,ALASKA,81,731449.0,1,80800.0,0,7.1,82020
2013,ALASKA,69,735132.0,1,63800.0,0,6.9,92270
2014,ALASKA,79,736732.0,1,88600.0,0,6.7,84900
2015,ALASKA,92,738432.0,1,73100.0,0,6.3,94360
2016,ALASKA,101,741894.0,1,75500.0,1,6.6,94290
2017,ALASKA,109,739795.0,1,83200.0,1,6.6,95440
2018,ALASKA,82,737438.0,1,76100.0,1,6.1,82450
2019,ALASKA,100,731545.0,1,75100.0,1,5.6,92670
2020,ALASKA,123,731158.0,1,76900.0,0,8.3,87440
2010,ARIZONA,650,6392017.0,1,1097000.0,0,10.4,63510
2011,ARIZONA,596,6482505.0,1,1210800.0,0,9.5,63860
2012,ARIZONA,565,6553255.0,1,1170800.0,0,8.4,60620
2013,ARIZONA,545,6626624.0,1,1202200.0,0,7.8,66980
2014,ARIZONA,616,6731484.0,1,1182000.0,0,6.8,61830
2015,ARIZONA,701,6828065.0,1,1153900.0,0,6.1,65640
2016,ARIZONA,806,6931071.0,1,1115400.0,1,5.5,71100
2017,ARIZONA,970,7016270.0,1,1008400.0,1,5.0,73060
2018,ARIZONA,1159,7171646.0,1,973900.0,1,4.8,74710
2019,ARIZONA,1324,7278717.0,1,950700.0,1,4.8,83540
2020,ARIZONA,1952,7421401.0,1,914800.0,0,7.8,78480
2010,ARKANSAS,198,2915918.0,0,531900.0,0,7.8,52260
2011,ARKANSAS,176,2937979.0,0,532500.0,0,7.9,54250
2012,ARKANSAS,181,2949131.0,0,545500.0,0,7.2,50280
2013,ARKANSAS,175,2959373.0,1,552000.0,0,7.0,50130
2014,ARKANSAS,179,2966369.0,1,542500.0,0,5.9,56390
2015,ARKANSAS,208,2978204.0,1,559400.0,1,5.0,53770
2016,ARKANSAS,175,2988248.0,1,498800.0,0,4.0,57170
2017,ARKANSAS,200,3004279.0,1,471000.0,1,3.7,60880
2018,ARKANSAS,217,3013825.0,1,508200.0,0,3.6,59720
2019,ARKANSAS,208,3017804.0,1,482500.0,1,3.5,64470
2020,ARKANSAS,292,3030522.0,1,481600.0,0,6.1,59400
2010,CALIFORNIA,2059,37253956.0,1,5763500.0,0,12.3,73520
2011,CALIFORNIA,2057,37691912.0,1,6137200.0,0,11.7,70100
2012,CALIFORNIA,1847,38041430.0,1,6280000.0,0,10.4,73480
2013,CALIFORNIA,2088,38332521.0,1,6269000.0,0,9.0,77400
2014,CALIFORNIA,2159,38802500.0,1,6230500.0,1,7.6,75930
2015,CALIFORNIA,2130,39144818.0,1,5879000.0,1,6.2,79940
2016,CALIFORNIA,2146,39250017.0,1,5529200.0,1,5.5,82980
2017,CALIFORNIA,2341,39536653.0,1,5117700.0,0,4.8,85710
2018,CALIFORNIA,2544,39557045.0,1,4940800.0,0,4.3,84560
2019,CALIFORNIA,3364,39512223.0,1,4559400.0,0,4.1,92330
2020,CALIFORNIA,5664,39368078.0,1,4728400.0,1,10.1,90840
2010,COLORADO,325,5029196.0,1,645300.0,0,9.2,81570
2011,COLORADO,423,5116796.0,1,665200.0,0,8.7,77010
2012,COLORADO,415,5187582.0,1,690600.0,0,8.0,73780
2013,COLORADO,443,5268367.0,1,664800.0,0,6.7,86470
2014,COLORADO,532,5355866.0,1,637400.0,0,5.0,76500
2015,COLORADO,512,5456574.0,1,614700.0,1,3.7,83660
2016,COLORADO,560,5540545.0,1,583200.0,1,3.1,87870
2017,COLORADO,600,5607154.0,1,563300.0,1,2.6,91760
2018,COLORADO,602,5695564.0,1,541700.0,1,3.0,87610
2019,COLORADO,676,5758736.0,1,525800.0,1,2.7,85700
2020,COLORADO,1012,5807719.0,1,558400.0,1,6.8,98010
2010,CONNECTICUT,225,3574097.0,1,342700.0,0,9.5,89380
2011,CONNECTICUT,213,3580709.0,1,378600.0,0,9.0,85920
2012,CONNECTICUT,202,3590347.0,1,375500.0,0,8.4,82790
2013,CONNECTICUT,442,3596080.0,1,365800.0,0,7.9,88220
2014,CONNECTICUT,531,3596677.0,1,355600.0,0,6.6,88080
2015,CONNECTICUT,692,3590886.0,1,357100.0,1,5.6,91570
2016,CONNECTICUT,868,3576452.0,1,328200.0,1,4.9,94540
2017,CONNECTICUT,967,3588184.0,1,326000.0,1,4.4,90930
2018,CONNECTICUT,961,3572665.0,1,358600.0,1,3.9,87340
2019,CONNECTICUT,1119,3565287.0,1,351600.0,0,3.6,103200
2020,CONNECTICUT,1261,3557006.0,1,353400.0,0,8.0,92930
2010,DELAWARE,116,897934.0,0,105300.0,0,8.3,74780
2011,DELAWARE,115,907135.0,0,108000.0,0,7.4,71800
2012,DELAWARE,86,917092.0,1,108600.0,0,7.0,63110
2013,DELAWARE,115,925749.0,1,116500.0,0,6.5,68870
2014,DELAWARE,125,935614.0,1,117400.0,1,5.6,72210
2015,DELAWARE,138,945934.0,1,124300.0,0,4.8,72560
2016,DELAWARE,159,952065.0,1,107700.0,0,4.5,72280
2017,DELAWARE,256,961939.0,1,120300.0,1,4.4,79500
2018,DELAWARE,358,967171.0,1,110600.0,1,3.7,77990
2019,DELAWARE,390,973764.0,1,102500.0,0,3.6,87700
2020,DELAWARE,413,986809.0,1,109400.0,0,7.5,81920
2010,FLORIDA,1739,18801310.0,0,3045700.0,0,11.3,59680
2011,FLORIDA,1637,19057542.0,1,3175900.0,0,10.2,59250
2012,FLORIDA,1383,19317568.0,1,3232000.0,0,8.7,59370
2013,FLORIDA,1327,19552860.0,1,3235700.0,0,7.5,61790
2014,FLORIDA,1446,19893297.0,1,3222200.0,0,6.5,57920
2015,FLORIDA,1886,20271272.0,1,3110100.0,0,5.5,61340
2016,FLORIDA,2847,20612439.0,1,2979700.0,1,4.9,63730
2017,FLORIDA,3313,20984400.0,1,2878300.0,1,4.3,64960
2018,FLORIDA,3260,21299325.0,1,2791200.0,0,3.6,65550
2019,FLORIDA,3843,21477737.0,1,2668600.0,0,3.2,69000
2020,FLORIDA,5556,21733312.0,1,2801200.0,0,8.0,67570
2010,GEORGIA,550,9687653.0,0,1687900.0,0,10.4,59750
2011,GEORGIA,549,9815210.0,0,1821800.0,0,10.0,60390
2012,GEORGIA,551,9919945.0,0,1845000.0,0,9.0,62010
2013,GEORGIA,539,9992167.0,1,1827800.0,0,8.1,59830
2014,GEORGIA,724,10097343.0,1,1824500.0,1,7.1,62210
2015,GEORGIA,877,10214860.0,1,1694000.0,0,6.1,63780
2016,GEORGIA,944,10310371.0,1,1581400.0,0,5.4,66650
2017,GEORGIA,1056,10429379.0,1,1534200.0,1,4.8,70960
2018,GEORGIA,904,10519475.0,1,1467200.0,0,4.0,66960
2019,GEORGIA,902,10617423.0,1,1381600.0,0,3.6,66940
2020,GEORGIA,1342,10710017.0,1,1476800.0,0,6.5,69330
2010,HAWAII,77,1360301.0,1,136700.0,0,6.7,80630
2011,HAWAII,78,1374810.0,1,160200.0,0,6.7,77560
2012,HAWAII,64,1392313.0,1,158400.0,0,5.8,72500
2013,HAWAII,70,1404054.0,1,144700.0,0,4.7,81780
2014,HAWAII,62,1419561.0,1,156200.0,0,4.2,89410
2015,HAWAII,65,1431603.0,1,148500.0,0,3.4,81050
2016,HAWAII,82,1428557.0,1,122600.0,1,2.9,89820
2017,HAWAII,55,1427538.0,1,143700.0,1,2.2,90070
2018,HAWAII,61,1420491.0,1,128200.0,1,2.4,96100
2019,HAWAII,56,1415872.0,1,131200.0,1,2.5,104000
2020,HAWAII,74,1407006.0,1,153800.0,0,11.6,94560
2010,IDAHO,81,1567582.0,1,235400.0,0,9.1,63720
2011,IDAHO,80,1584985.0,1,238800.0,0,8.4,62340
2012,IDAHO,61,1595728.0,1,242700.0,0,7.5,61750
2013,IDAHO,81,1612136.0,1,250600.0,0,6.9,61710
2014,IDAHO,80,1634464.0,1,238300.0,0,4.4,67080
2015,IDAHO,91,1654930.0,1,228500.0,1,3.9,64850
2016,IDAHO,122,1683140.0,1,237000.0,1,3.7,70440
2017,IDAHO,108,1716943.0,1,221400.0,1,3.2,72810
2018,IDAHO,126,1754208.0,1,206600.0,1,2.9,70450
2019,IDAHO,142,1787065.0,1,194100.0,1,2.9,78000
2020,IDAHO,162,1826913.0,1,208400.0,1,5.5,78060
2010,ILLINOIS,921,12830632.0,1,1744500.0,1,10.4,68700
2011,ILLINOIS,955,12869257.0,1,1847400.0,0,9.8,66510
2012,ILLINOIS,1204,12875255.0,1,1843200.0,0,9.0,66670
2013,ILLINOIS,1139,12882135.0,1,1824900.0,0,9.1,68670
2014,ILLINOIS,1263,12880580.0,1,1800000.0,0,7.2,68940
2015,ILLINOIS,1440,12859995.0,1,1724500.0,1,6.0,75900
2016,ILLINOIS,2013,12801539.0,1,1624500.0,1,5.9,76440
2017,ILLINOIS,2252,12802023.0,1,1581700.0,1,5.0,80730
2018,ILLINOIS,2215,12741080.0,1,1485400.0,1,4.4,84140
2019,ILLINOIS,2281,12671821.0,1,1404700.0,1,4.0,87950
2020,ILLINOIS,3014,12587530.0,1,1482600.0,0,9.3,86960
2010,INDIANA,300,6483802.0,1,965200.0,0,10.0,62490
2011,INDIANA,375,6516922.0,1,994100.0,0,8.9,58380
2012,INDIANA,397,6537334.0,1,990900.0,0,8.2,59480
2013,INDIANA,387,6570902.0,1,1008300.0,0,7.5,62970
2014,INDIANA,489,6596855.0,1,979700.0,0,5.9,60330
2015,INDIANA,564,6619680.0,1,967000.0,1,4.8,65310
2016,INDIANA,828,6633053.0,1,900400.0,1,4.4,69850
2017,INDIANA,1211,6666818.0,1,872700.0,0,3.5,71920
2018,INDIANA,1142,6691878.0,1,850800.0,1,3.4,71850
2019,INDIANA,1296,6732219.0,1,791500.0,1,3.3,78840
2020,INDIANA,1960,6754953.0,1,796600.0,0,7.3,78150
2010,IOWA,163,3046355.0,1,375800.0,0,6.1,66380
2011,IOWA,183,3062309.0,1,379400.0,0,5.6,65960
2012,IOWA,185,3074186.0,1,375600.0,0,5.0,68870
2013,IOWA,190,3090416.0,1,389200.0,0,4.7,76590
2014,IOWA,170,3107126.0,1,368600.0,0,4.3,72570
2015,IOWA,183,3123899.0,1,389000.0,0,3.7,76450
2016,IOWA,195,3134693.0,1,346000.0,1,3.6,73590
2017,IOWA,214,3145711.0,1,309400.0,0,3.1,77670
2018,IOWA,151,3156145.0,1,343200.0,1,2.6,82430
2019,IOWA,174,3155070.0,1,349200.0,1,2.7,78080
2020,IOWA,235,3163561.0,1,343800.0,0,5.2,80510
2010,KANSAS,111,2853118.0,0,363300.0,0,7.0,62370
2011,KANSAS,131,2871238.0,1,392900.0,0,6.4,60610
2012,KANSAS,184,2885905.0,1,383700.0,0,5.7,64440
2013,KANSAS,171,2893957.0,1,380800.0,0,5.3,60880
2014,KANSAS,188,2904021.0,1,383400.0,0,4.5,67090
2015,KANSAS,167,2911641.0,1,364600.0,0,4.2,68930
2016,KANSAS,164,2907289.0,1,340800.0,0,4.0,70740
2017,KANSAS,159,2913123.0,1,337300.0,1,3.6,69630
2018,KANSAS,168,2911505.0,1,344000.0,0,3.3,76700
2019,KANSAS,199,2913314.0,1,323200.0,0,3.2,86470
2020,KANSAS,278,2913805.0,1,340900.0,0,5.8,85500
2010,KENTUCKY,624,4339367.0,1,787800.0,0,10.3,55670
2011,KENTUCKY,707,4369356.0,1,826900.0,0,9.4,52350
2012,KENTUCKY,713,4380415.0,1,815700.0,0,8.2,52940
2013,KENTUCKY,689,4395295.0,1,783800.0,1,7.9,57140
2014,KENTUCKY,762,4413457.0,1,796100.0,0,6.4,53710
2015,KENTUCKY,911,4425092.0,1,779900.0,1,5.3,53250
2016,KENTUCKY,1012,4436974.0,1,799200.0,0,5.1,56500
2017,KENTUCKY,1190,4454189.0,1,748100.0,0,4.8,60790
2018,KENTUCKY,1012,4468402.0,1,723300.0,0,4.2,65440
2019,KENTUCKY,1063,4467673.0,1,694700.0,1,4.1,65800
2020,KENTUCKY,1744,4477251.0,1,721400.0,0,6.5,66400
2010,LOUISIANA,130,4533372.0,1,814700.0,0,7.4,53220
2011,LOUISIANA,121,4574836.0,1,895700.0,0,7.3,53400
2012,LOUISIANA,180,4601893.0,1,885500.0,0,6.7,50370
2013,LOUISIANA,270,4625470.0,1,883900.0,0,6.4,59110
2014,LOUISIANA,266,4649676.0,1,884900.0,0,6.2,53230
2015,LOUISIANA,296,4670724.0,1,879700.0,1,6.3,57690
2016,LOUISIANA,359,4681666.0,1,919500.0,1,6.0,52540
2017,LOUISIANA,437,4684333.0,1,906500.0,0,5.1,53310
2018,LOUISIANA,465,4659978.0,1,845200.0,0,4.8,59950
2019,LOUISIANA,581,4648794.0,1,843400.0,0,4.6,61120
2020,LOUISIANA,975,4645318.0,1,876700.0,0,8.6,59880
2010,MAINE,91,1328361.0,1,176200.0,0,8.4,64910
2011,MAINE,95,1328188.0,1,184100.0,0,7.8,65270
2012,MAINE,107,1329192.0,1,193400.0,0,7.2,63350
2013,MAINE,134,1328302.0,1,172100.0,0,6.7,69970
2014,MAINE,174,1330089.0,1,189000.0,0,5.6,64910
2015,MAINE,246,1329328.0,1,166500.0,1,4.4,63760
2016,MAINE,306,1331479.0,1,168000.0,1,3.8,63330
2017,MAINE,364,1335907.0,1,148400.0,1,3.4,65240
2018,MAINE,287,1338404.0,1,144900.0,1,3.2,70370
2019,MAINE,325,1344212.0,1,137900.0,1,2.9,78660
2020,MAINE,429,1350141.0,1,162600.0,0,5.1,74510
2010,MARYLAND,522,5773552.0,0,564900.0,0,7.8,86950
2011,MARYLAND,562,5828289.0,0,573700.0,0,7.3,90470
2012,MARYLAND,667,5884563.0,0,578000.0,0,6.9,92570
2013,MARYLAND,759,5928814.0,1,595500.0,0,6.6,88300
2014,MARYLAND,932,5976407.0,1,578700.0,0,5.7,95610
2015,MARYLAND,1100,6006401.0,1,590400.0,1,5.0,92450
2016,MARYLAND,1847,6016447.0,1,548600.0,1,4.2,91850
2017,MARYLAND,2012,6052177.0,1,555500.0,1,4.1,100500
2018,MARYLAND,2123,6042718.0,1,518300.0,0,3.8,103400
2019,MARYLAND,2144,6045680.0,1,532400.0,1,3.4,113000
2020,MARYLAND,2549,6055802.0,1,611300.0,0,6.5,110900
2010,MASSACHUSETTS,577,6547629.0,1,718000.0,0,8.1,82520
2011,MASSACHUSETTS,669,6587536.0,1,744200.0,0,7.2,83160
2012,MASSACHUSETTS,712,6646144.0,1,768200.0,0,6.7,82030
2013,MASSACHUSETTS,910,6692824.0,1,766900.0,0,6.7,79610
2014,MASSACHUSETTS,1161,6745408.0,1,754400.0,1,5.7,79280
2015,MASSACHUSETTS,1583,6794422.0,1,742200.0,0,4.8,85250
2016,MASSACHUSETTS,2025,6811779.0,1,689700.0,1,4.0,89990
2017,MASSACHUSETTS,1940,6859819.0,1,689800.0,0,3.8,93300
2018,MASSACHUSETTS,2010,6902149.0,1,666400.0,1,3.5,103600
2019,MASSACHUSETTS,1996,6892503.0,1,626600.0,0,3.0,103700
2020,MASSACHUSETTS,2104,6893574.0,1,704200.0,0,9.3,102700
2010,MICHIGAN,725,9883640.0,1,1596600.0,0,12.8,62670
2011,MICHIGAN,756,9876187.0,1,1644000.0,0,10.1,64200
2012,MICHIGAN,700,9883360.0,1,1694000.0,0,9.1,64450
2013,MICHIGAN,934,9895622.0,1,1626800.0,0,8.8,72020
2014,MICHIGAN,1076,9909877.0,1,1551800.0,0,7.2,65280
2015,MICHIGAN,1332,9922576.0,1,1539100.0,0,5.4,68090
2016,MICHIGAN,1795,9928300.0,1,1443600.0,0,5.0,71090
2017,MICHIGAN,2074,9962311.0,1,1381900.0,1,4.6,69030
2018,MICHIGAN,2043,9995915.0,1,1366700.0,0,4.2,72510
2019,MICHIGAN,1813,9986857.0,1,1278700.0,1,4.1,75790
2020,MICHIGAN,2228,9966555.0,1,1306000.0,0,10.0,75330
2010,MINNESOTA,242,5303925.0,1,590500.0,0,7.4,70860
2011,MINNESOTA,295,5344861.0,1,606300.0,0,6.6,75950
2012,MINNESOTA,298,5379139.0,1,598100.0,0,5.7,79630
2013,MINNESOTA,314,5420380.0,1,596200.0,0,5.0,81900
2014,MINNESOTA,331,5457173.0,1,592700.0,1,4.2,84410
2015,MINNESOTA,346,5489594.0,1,534900.0,0,3.8,86340
2016,MINNESOTA,404,5519952.0,1,530400.0,1,3.9,87440
2017,MINNESOTA,436,5576606.0,1,531400.0,0,3.4,85630
2018,MINNESOTA,352,5611179.0,1,534000.0,0,3.0,86150
2019,MINNESOTA,435,5639632.0,1,495200.0,1,3.3,96250
2020,MINNESOTA,705,5657342.0,1,496600.0,1,6.3,92130
2010,MISSISSIPPI,105,2967297.0,1,638800.0,0,10.1,51680
2011,MISSISSIPPI,84,2978512.0,1,650100.0,0,9.8,53970
2012,MISSISSIPPI,112,2984926.0,1,686300.0,0,8.8,47220
2013,MISSISSIPPI,103,2991207.0,1,705100.0,0,8.5,41170
2014,MISSISSIPPI,117,2994079.0,1,641000.0,0,7.6,44590
2015,MISSISSIPPI,157,2992333.0,1,632200.0,1,6.5,50300
2016,MISSISSIPPI,184,2988726.0,1,599000.0,0,6.0,51180
2017,MISSISSIPPI,191,2984100.0,1,568300.0,1,5.2,52960
2018,MISSISSIPPI,177,2986530.0,1,575800.0,0,4.9,51320
2019,MISSISSIPPI,249,2976149.0,1,560700.0,0,5.5,52940
2020,MISSISSIPPI,409,2966786.0,1,553400.0,0,7.9,52800
2010,MONTANA,55,989415.0,0,139500.0,0,7.2,55910
2011,MONTANA,63,998199.0,0,136100.0,0,6.6,52900
2012,MONTANA,53,1005141.0,1,146300.0,0,5.8,58100
2013,MONTANA,68,1015165.0,1,171700.0,0,5.3,55000
2014,MONTANA,54,1023579.0,1,160400.0,0,4.6,64150
2015,MONTANA,49,1032949.0,1,146400.0,0,4.3,64570
2016,MONTANA,43,1042520.0,1,132600.0,0,4.3,71070
2017,MONTANA,38,1050493.0,1,129200.0,1,4.1,70250
2018,MONTANA,64,1062305.0,1,125200.0,0,3.7,69190
2019,MONTANA,73,1068778.0,1,136300.0,1,3.5,71150
2020,MONTANA,88,1080577.0,1,121600.0,0,5.8,66380
2010,NEBRASKA,61,1826341.0,0,231900.0,0,4.7,71110
2011,NEBRASKA,54,1842641.0,1,212500.0,0,4.4,73050
2012,NEBRASKA,60,1855525.0,1,209000.0,0,3.9,67260
2013,NEBRASKA,42,1868516.0,1,235600.0,0,3.7,73370
2014,NEBRASKA,60,1881503.0,1,230500.0,0,3.2,71390
2015,NEBRASKA,60,1896190.0,1,231000.0,0,3.0,75970
2016,NEBRASKA,47,1907116.0,1,216400.0,0,3.1,73930
2017,NEBRASKA,61,1920076.0,1,198000.0,0,3.0,72910
2018,NEBRASKA,66,1929268.0,1,214800.0,0,2.9,81060
2019,NEBRASKA,73,1934408.0,1,192500.0,0,3.1,86370
2020,NEBRASKA,107,1937552.0,1,195400.0,0,4.3,84520
2010,NEVADA,520,2700551.0,1,402200.0,0,13.3,69340
2011,NEVADA,532,2723322.0,1,431400.0,0,13.0,61790
2012,NEVADA,493,2758931.0,1,427200.0,0,11.5,61000
2013,NEVADA,443,2790136.0,1,430800.0,0,10.0,66010
2014,NEVADA,413,2839099.0,1,415800.0,0,8.2,62610
2015,NEVADA,476,2890845.0,1,424800.0,1,6.9,65340
2016,NEVADA,455,2940058.0,1,392300.0,0,5.8,69020
2017,NEVADA,450,2998039.0,1,386900.0,1,5.0,71030
2018,NEVADA,399,3034392.0,1,388100.0,0,4.4,74210
2019,NEVADA,397,3080156.0,1,394900.0,0,4.1,83820
2020,NEVADA,584,3138259.0,1,434800.0,0,13.5,71550
2010,NEW HAMPSHIRE,119,1316470.0,0,105100.0,0,6.1,90240
2011,NEW HAMPSHIRE,158,1318194.0,0,112500.0,0,5.5,86530
2012,NEW HAMPSHIRE,134,1320718.0,0,123600.0,0,5.5,87390
2013,NEW HAMPSHIRE,161,1323459.0,0,112300.0,0,5.2,87980
2014,NEW HAMPSHIRE,302,1326813.0,1,120200.0,0,4.3,92140
2015,NEW HAMPSHIRE,386,1330608.0,1,102000.0,1,3.4,95070
2016,NEW HAMPSHIRE,445,1334795.0,1,89600.0,0,2.9,94960
2017,NEW HAMPSHIRE,430,1342795.0,1,96800.0,0,2.8,92550
2018,NEW HAMPSHIRE,421,1356458.0,1,94900.0,0,2.6,97580
2019,NEW HAMPSHIRE,373,1359711.0,1,98200.0,0,2.6,102700
2020,NEW HAMPSHIRE,347,1366275.0,1,94500.0,0,6.7,104000
2010,NEW JERSEY,384,8791894.0,0,878400.0,0,9.7,85280
2011,NEW JERSEY,478,8821155.0,1,890200.0,0,9.4,81880
2012,NEW JERSEY,625,8864590.0,1,930000.0,0,9.4,85940
2013,NEW JERSEY,711,8899339.0,1,991100.0,1,8.4,81170
2014,NEW JERSEY,757,8938175.0,1,973400.0,0,6.7,81900
2015,NEW JERSEY,879,8958013.0,1,928400.0,1,5.7,85880
2016,NEW JERSEY,1465,8944469.0,1,902000.0,0,4.9,85260
2017,NEW JERSEY,2007,9005644.0,1,859300.0,1,4.5,87180
2018,NEW JERSEY,2618,8908520.0,1,820300.0,1,4.0,88980
2019,NEW JERSEY,2544,8882190.0,1,798300.0,0,3.5,103700
2020,NEW JERSEY,2581,8882371.0,1,937800.0,0,9.5,100100
2010,NEW MEXICO,201,2059179.0,1,411100.0,0,7.8,61120
2011,NEW MEXICO,254,2082224.0,1,436300.0,0,7.2,55140
2012,NEW MEXICO,339,2085538.0,1,420000.0,0,6.9,55960
2013,NEW MEXICO,350,2085287.0,1,475100.0,0,6.9,51140
2014,NEW MEXICO,416,2085572.0,1,434800.0,1,6.6,58610
2015,NEW MEXICO,376,2085109.0,1,424900.0,1,6.6,56680
2016,NEW MEXICO,368,2081015.0,1,407000.0,1,6.8,60330
2017,NEW MEXICO,357,2088070.0,1,399400.0,1,6.1,55800
2018,NEW MEXICO,359,2095428.0,1,410300.0,0,4.9,57920
2019,NEW MEXICO,410,2096829.0,1,362300.0,0,5.0,62780
2020,NEW MEXICO,569,2106319.0,1,385900.0,0,7.9,59550
2010,NEW YORK,1115,19378102.0,1,2829800.0,0,8.7,67420
2011,NEW YORK,1417,19465197.0,1,3001600.0,0,8.4,66510
2012,NEW YORK,1576,19570261.0,1,3043400.0,0,8.6,61440
2013,NEW YORK,1732,19651127.0,1,3086100.0,0,7.8,63620
2014,NEW YORK,1787,19746227.0,1,2989900.0,1,6.3,68180
2015,NEW YORK,2224,19795791.0,1,2935900.0,1,5.2,72870
2016,NEW YORK,3088,19745289.0,1,2845300.0,1,4.9,76500
2017,NEW YORK,3300,19849399.0,1,2698400.0,0,4.6,75310
2018,NEW YORK,3065,19542209.0,1,2615100.0,0,4.1,80700
2019,NEW YORK,3015,19453561.0,1,2437700.0,0,3.9,84940
2020,NEW YORK,4315,19336776.0,1,2684900.0,1,9.8,80320
2010,NORTH CAROLINA,787,9535483.0,1,1609000.0,0,10.8,59360
2011,NORTH CAROLINA,829,9656401.0,1,1658900.0,0,10.4,59380
2012,NORTH CAROLINA,841,9752073.0,1,1697300.0,0,9.6,53550
2013,NORTH CAROLINA,840,9848060.0,1,1716500.0,1,7.8,59000
2014,NORTH CAROLINA,979,9943964.0,1,1672100.0,0,6.1,58730
2015,NORTH CAROLINA,1189,10042802.0,1,1627100.0,1,5.7,63820
2016,NORTH CAROLINA,1544,10146788.0,1,1544500.0,1,5.1,66950
2017,NORTH CAROLINA,1972,10273419.0,1,1478800.0,1,4.5,60630
2018,NORTH CAROLINA,1806,10383620.0,1,1414300.0,0,4.0,64020
2019,NORTH CAROLINA,1838,10488084.0,1,1370600.0,0,3.9,72290
2020,NORTH CAROLINA,2668,10600823.0,1,1395800.0,0,7.2,70700
2010,NORTH DAKOTA,18,672591.0,1,79600.0,0,3.7,69080
2011,NORTH DAKOTA,10,683932.0,1,72400.0,0,3.3,74030
2013,NORTH DAKOTA,14,723393.0,1,82900.0,0,2.9,75310
2014,NORTH DAKOTA,34,739482.0,1,85400.0,0,2.7,76240
2015,NORTH DAKOTA,36,756927.0,1,85800.0,1,2.8,72130
2016,NORTH DAKOTA,55,757952.0,1,84300.0,1,3.0,74940
2017,NORTH DAKOTA,36,755393.0,1,71100.0,0,2.6,73630
2018,NORTH DAKOTA,38,760077.0,1,74200.0,0,2.4,79780
2019,NORTH DAKOTA,43,762062.0,1,80100.0,0,2.2,82780
2020,NORTH DAKOTA,72,765309.0,1,72900.0,0,5.0,75010
2010,OHIO,1197,11536504.0,1,1781400.0,0,10.0,62140
2011,OHIO,1333,11544951.0,1,1842800.0,0,8.8,58650
2012,OHIO,1403,11544225.0,1,1827200.0,0,7.4,57180
2013,OHIO,1695,11570808.0,1,1751300.0,0,7.4,64610
2014,OHIO,2175,11594163.0,1,1788500.0,0,5.8,62320
2015,OHIO,2758,11613423.0,1,1682200.0,1,5.0,66960
2016,OHIO,3688,11614373.0,1,1626800.0,1,5.0,67220
2017,OHIO,4379,11658609.0,1,1569400.0,1,4.9,74270
2018,OHIO,3319,11689442.0,1,1579700.0,0,4.5,73930
2019,OHIO,3553,11689100.0,1,1476400.0,0,4.1,76440
2020,OHIO,4494,11693217.0,1,1525200.0,1,8.2,70640
2010,OKLAHOMA,523,3751351.0,1,621200.0,0,6.5,58370
2011,OKLAHOMA,492,3791508.0,1,644100.0,0,5.6,63650
2012,OKLAHOMA,538,3814820.0,1,637300.0,0,5.1,62380
2013,OKLAHOMA,521,3850568.0,1,623600.0,0,5.1,58770
2014,OKLAHOMA,504,3878051.0,1,618000.0,1,4.3,59250
2015,OKLAHOMA,447,3911338.0,1,615200.0,0,4.3,59140
2016,OKLAHOMA,452,3923561.0,1,612900.0,0,4.6,63440
2017,OKLAHOMA,401,3930864.0,1,584900.0,1,4.0,63490
2018,OKLAHOMA,318,3943079.0,1,588900.0,1,3.3,65300
2019,OKLAHOMA,274,3956971.0,1,592000.0,0,3.1,70210
2020,OKLAHOMA,326,3980783.0,1,599100.0,0,6.3,61380
2010,OREGON,337,3831074.0,0,599700.0,0,10.6,68530
2011,OREGON,402,3871859.0,1,643200.0,0,9.5,67680
2012,OREGON,369,3899353.0,1,641600.0,0,8.7,66720
2013,OREGON,310,3930065.0,1,635500.0,1,7.8,62390
2014,OREGON,347,3970239.0,1,625400.0,1,6.7,73910
2015,OREGON,340,4028977.0,1,595700.0,0,5.5,76420
2016,OREGON,324,4093465.0,1,538500.0,1,4.8,73640
2017,OREGON,353,4142776.0,1,536800.0,1,4.1,76480
2018,OREGON,351,4190713.0,1,500700.0,1,4.0,82970
2019,OREGON,338,4217737.0,1,475400.0,1,3.7,87960
2020,OREGON,511,4241507.0,1,520300.0,1,7.6,89910
2010,PENNSYLVANIA,640,12702379.0,1,1622700.0,0,8.2,65430
2011,PENNSYLVANIA,770,12742886.0,1,1672400.0,0,7.7,65560
2012,PENNSYLVANIA,840,12763536.0,1,1714000.0,0,7.6,66890
2013,PENNSYLVANIA,970,12773801.0,1,1702300.0,0,7.1,70220
2014,PENNSYLVANIA,1110,12787209.0,1,1674400.0,1,6.0,69260
2015,PENNSYLVANIA,1387,12802503.0,1,1599000.0,0,5.4,75870
2016,PENNSYLVANIA,2264,12784227.0,1,1583500.0,0,5.3,75930
2017,PENNSYLVANIA,2579,12805537.0,1,1552900.0,0,5.0,75000
2018,PENNSYLVANIA,2891,12807060.0,1,1508700.0,0,4.4,77400
2019,PENNSYLVANIA,3073,12801989.0,1,1501600.0,0,4.3,83430
2020,PENNSYLVANIA,3950,12783254.0,1,1526400.0,0,8.8,82810
2010,RHODE ISLAND,112,1052567.0,1,147800.0,0,11.6,69910
2011,RHODE ISLAND,145,1051302.0,1,144700.0,0,11.1,64410
2012,RHODE ISLAND,143,1050292.0,1,139800.0,0,10.3,72250
2013,RHODE ISLAND,195,1051511.0,1,141900.0,0,9.5,71710
2014,RHODE ISLAND,211,1055173.0,1,144400.0,1,7.8,73600
2015,RHODE ISLAND,258,1056298.0,1,138600.0,1,6.0,69980
2016,RHODE ISLAND,281,1056426.0,1,129200.0,1,5.2,76620
2017,RHODE ISLAND,281,1059639.0,1,118800.0,0,4.5,80030
2018,RHODE ISLAND,268,1057315.0,1,127300.0,1,4.0,74690
2019,RHODE ISLAND,243,1059361.0,1,109200.0,1,3.5,82920
2020,RHODE ISLAND,333,1057125.0,1,121000.0,0,9.2,93790
2010,SOUTH CAROLINA,278,4625364.0,1,813200.0,0,11.1,56470
2011,SOUTH CAROLINA,249,4679230.0,1,857000.0,0,10.3,52650
2012,SOUTH CAROLINA,245,4723723.0,1,833300.0,0,9.0,57220
2013,SOUTH CAROLINA,250,4774839.0,1,859700.0,0,7.4,55460
2014,SOUTH CAROLINA,530,4832482.0,1,844500.0,0,6.3,56400
2015,SOUTH CAROLINA,581,4896146.0,1,782500.0,1,5.9,58240
2016,SOUTH CAROLINA,657,4961119.0,1,730000.0,1,4.9,67660
2017,SOUTH CAROLINA,773,5024369.0,1,750500.0,0,4.2,66740
2018,SOUTH CAROLINA,858,5084127.0,1,744700.0,1,3.4,68910
2019,SOUTH CAROLINA,883,5148714.0,1,686600.0,0,2.8,73320
2020,SOUTH CAROLINA,1431,5218040.0,1,748700.0,0,6.0,70590
2010,SOUTH DAKOTA,33,814180.0,0,117500.0,0,4.9,61420
2011,SOUTH DAKOTA,35,824082.0,1,101700.0,0,4.6,62030
2012,SOUTH DAKOTA,26,833354.0,1,107200.0,0,4.0,63680
2013,SOUTH DAKOTA,34,844877.0,1,111600.0,0,3.7,68010
2014,SOUTH DAKOTA,33,853175.0,1,121100.0,0,3.4,66600
2015,SOUTH DAKOTA,28,858469.0,1,107300.0,0,3.0,69180
2016,SOUTH DAKOTA,44,865454.0,1,115000.0,1,3.0,71540
2017,SOUTH DAKOTA,35,869666.0,1,102200.0,0,3.0,69650
2018,SOUTH DAKOTA,29,882235.0,1,113100.0,0,2.8,71330
2019,SOUTH DAKOTA,39,884659.0,1,93800.0,0,2.7,75950
2020,SOUTH DAKOTA,48,892717.0,1,108200.0,0,4.1,82110
2010,TENNESSEE,652,6346105.0,1,1090600.0,0,9.8,52260
2011,TENNESSEE,663,6403353.0,1,1128300.0,0,9.0,55530
2012,TENNESSEE,748,6456243.0,1,1132200.0,0,7.9,55400
2013,TENNESSEE,789,6495978.0,1,1146100.0,0,7.7,55210
2014,TENNESSEE,892,6549352.0,1,1176000.0,1,6.5,54880
2015,TENNESSEE,1074,6600299.0,1,1079000.0,1,5.5,59460
2016,TENNESSEE,1236,6651194.0,1,1015200.0,1,4.7,63940
2017,TENNESSEE,1299,6715984.0,1,983900.0,1,3.7,67680
2018,TENNESSEE,1341,6770010.0,1,1016600.0,0,3.5,67250
2019,TENNESSEE,1593,6829174.0,1,922000.0,0,3.3,66940
2020,TENNESSEE,2456,6886834.0,1,932600.0,0,7.4,64310
2010,TEXAS,1171,25145561.0,1,4375900.0,0,8.3,64010
2011,TEXAS,1218,25674681.0,1,4593800.0,0,8.0,64420
2012,TEXAS,1179,26059203.0,1,4530200.0,0,6.7,66910
2013,TEXAS,1114,26448193.0,1,4517700.0,0,6.3,65450
2014,TEXAS,1219,26956958.0,1,4525100.0,0,5.2,67630
2015,TEXAS,1350,27469114.0,1,4228100.0,1,4.5,70950
2016,TEXAS,1434,27862596.0,1,4256100.0,1,4.6,72410
2017,TEXAS,1529,28304596.0,1,4039000.0,1,4.4,73540
2018,TEXAS,1457,28701845.0,1,4151100.0,0,3.9,71720
2019,TEXAS,1562,28995881.0,1,3847700.0,0,3.5,79720
2020,TEXAS,2191,29360759.0,1,4124300.0,0,7.7,80020
2010,UTAH,353,2763885.0,1,364300.0,0,8.3,76790
2011,UTAH,394,2817222.0,1,378500.0,0,7.2,72890
2012,UTAH,438,2855287.0,1,345000.0,0,4.8,75180
2013,UTAH,444,2900872.0,1,365000.0,0,4.2,77730
2014,UTAH,471,2942902.0,1,342700.0,0,3.6,79570
2015,UTAH,463,2995919.0,1,334200.0,0,3.5,83240
2016,UTAH,483,3051217.0,1,311400.0,1,3.3,84030
2017,UTAH,468,3101833.0,1,292100.0,1,3.1,85400
2018,UTAH,458,3161105.0,1,272200.0,0,2.9,92450
2019,UTAH,415,3205958.0,1,296900.0,1,2.5,99910
2020,UTAH,455,3249879.0,1,267500.0,0,4.8,98260
2010,VERMONT,45,625741.0,1,71500.0,0,6.2,75740
2011,VERMONT,60,626431.0,1,65900.0,0,5.4,68120
2012,VERMONT,57,626011.0,1,68200.0,0,4.8,71620
2013,VERMONT,75,626630.0,1,77400.0,1,4.4,83410
2014,VERMONT,72,626562.0,1,61000.0,1,3.9,76210
2015,VERMONT,83,626042.0,1,57900.0,1,3.5,74740
2016,VERMONT,103,624594.0,1,67000.0,0,3.1,75760
2017,VERMONT,119,623657.0,1,66700.0,0,2.9,77930
2018,VERMONT,128,626299.0,1,66900.0,0,2.5,84050
2019,VERMONT,117,623989.0,1,60800.0,0,2.1,87830
2020,VERMONT,165,623347.0,1,64400.0,1,5.6,78680
2010,VIRGINIA,400,8001024.0,1,878000.0,0,6.8,81750
2011,VIRGINIA,582,8096604.0,1,911500.0,0,6.3,82250
2012,VIRGINIA,547,8185867.0,1,936600.0,0,5.8,83290
2013,VIRGINIA,651,8260405.0,1,935300.0,0,5.5,83910
2014,VIRGINIA,775,8326289.0,1,955300.0,0,5.1,83050
2015,VIRGINIA,832,8382993.0,1,922600.0,1,4.4,77240
2016,VIRGINIA,1145,8411808.0,1,895900.0,1,4.0,82750
2017,VIRGINIA,1246,8470020.0,1,852400.0,1,3.6,86650
2018,VIRGINIA,1212,8517685.0,1,873500.0,1,3.0,92550
2019,VIRGINIA,1284,8535519.0,1,807400.0,1,2.8,96120
2020,VIRGINIA,1917,8590563.0,1,858900.0,1,6.5,96180
2010,WASHINGTON,648,6724540.0,0,892000.0,0,10.0,76060
2011,WASHINGTON,712,6830038.0,1,934900.0,0,9.4,74670
2012,WASHINGTON,717,6897012.0,1,914900.0,0,8.5,80140
2013,WASHINGTON,667,6971406.0,1,948700.0,0,6.7,81390
2014,WASHINGTON,692,7061530.0,1,915400.0,0,5.9,74150
2015,WASHINGTON,716,7170351.0,1,886000.0,1,5.5,84480
2016,WASHINGTON,730,7288000.0,1,810800.0,0,5.2,87550
2017,WASHINGTON,767,7405743.0,1,810800.0,1,4.7,87550
2018,WASHINGTON,767,7535591.0,1,769700.0,0,4.4,95640
2019,WASHINGTON,853,7614893.0,1,720500.0,1,4.2,97470
2020,WASHINGTON,1221,7693612.0,1,772900.0,0,8.7,95180
2010,WEST VIRGINIA,495,1852994.0,1,331600.0,0,8.4,57930
2011,WEST VIRGINIA,596,1855364.0,1,335500.0,0,7.7,54930
2012,WEST VIRGINIA,513,1855413.0,1,311300.0,0,7.2,56120
2013,WEST VIRGINIA,518,1854304.0,1,325500.0,0,6.7,54840
2014,WEST VIRGINIA,585,1850326.0,1,321400.0,0,6.5,49650
2015,WEST VIRGINIA,664,1844128.0,1,319100.0,0,6.5,53800
2016,WEST VIRGINIA,765,1831102.0,1,325700.0,1,6.1,55230
2017,WEST VIRGINIA,865,1815857.0,1,336500.0,0,5.2,57460
2018,WEST VIRGINIA,739,1805832.0,1,310600.0,1,5.1,60670
2019,WEST VIRGINIA,704,1792147.0,1,274200.0,0,4.9,63480
2020,WEST VIRGINIA,1179,1784787.0,1,291700.0,1,8.3,60800
2010,WISCONSIN,420,5686986.0,0,723000.0,0,8.4,68190
2011,WISCONSIN,484,5711767.0,0,752500.0,0,7.5,68380
2012,WISCONSIN,496,5726398.0,0,716800.0,0,6.9,68400
2013,WISCONSIN,604,5742713.0,1,761300.0,0,6.7,65860
2014,WISCONSIN,640,5757564.0,1,724600.0,1,5.3,72910
2015,WISCONSIN,633,5771337.0,1,650300.0,1,4.4,69630
2016,WISCONSIN,877,5778708.0,1,663000.0,1,3.9,74490
2017,WISCONSIN,947,5795483.0,1,615600.0,1,3.3,77690
2018,WISCONSIN,862,5813568.0,1,609800.0,1,3.0,75130
2019,WISCONSIN,938,5822434.0,1,551900.0,1,3.2,79620
2020,WISCONSIN,1270,5832655.0,1,626700.0,1,6.4,78860
2010,WYOMING,49,563626.0,1,58800.0,0,6.9,70700
2011,WYOMING,47,568158.0,1,62100.0,0,6.1,71600
2012,WYOMING,47,576412.0,1,70600.0,0,5.4,74110
2013,WYOMING,52,582658.0,1,59900.0,0,4.7,85870
2014,WYOMING,57,584153.0,1,68300.0,0,4.4,69910
2015,WYOMING,48,586107.0,1,58200.0,0,4.2,76540
2016,WYOMING,52,585501.0,1,66900.0,0,5.3,72010
2017,WYOMING,50,579315.0,1,66500.0,1,4.3,72860
2018,WYOMING,43,577737.0,1,62400.0,0,4.1,75020
2019,WYOMING,52,578759.0,1,56000.0,1,3.7,76990
2020,WYOMING,66,582328.0,1,64200.0,0,5.9,76570
